{
  "0": {
    "model": "0",
    "in_sentence_accuracy": 0.9830508474576272,
    "syntax_accuracy": 0.94,
    "precision": 0.25888324873096447,
    "recall": 0.1511111111111111,
    "f1": 0.1908325537885875
  },
  "1": {
    "model": "1",
    "in_sentence_accuracy": 0.9873722188815394,
    "syntax_accuracy": 0.9316666666666666,
    "precision": 0.19343814080656185,
    "recall": 0.20962962962962964,
    "f1": 0.20120867401350873
  },
  "2": {
    "model": "2",
    "in_sentence_accuracy": 0.9856733524355301,
    "syntax_accuracy": 0.9288888888888889,
    "precision": 0.15935672514619884,
    "recall": 0.24222222222222223,
    "f1": 0.1922398589065256
  }
}
