{
  "0": {
    "model": "commas",
    "in_sentence_accuracy": 0.9830508474576272,
    "syntax_accuracy": 0.94,
    "precision": 0.2622107969151671,
    "recall": 0.1511111111111111,
    "f1": 0.19172932330827067
  },
  "1": {
    "model": "commas",
    "in_sentence_accuracy": 0.9873722188815394,
    "syntax_accuracy": 0.9316666666666666,
    "precision": 0.21570121951219512,
    "recall": 0.20962962962962964,
    "f1": 0.2126220886551465
  },
  "2": {
    "model": "commas",
    "in_sentence_accuracy": 0.9856733524355301,
    "syntax_accuracy": 0.9288888888888889,
    "precision": 0.18890814558058924,
    "recall": 0.24222222222222223,
    "f1": 0.21226874391431355
  }
}
