{
  "0": {
    "model": "0",
    "in_sentence_accuracy": 0.9791666666666666,
    "syntax_accuracy": 0.95,
    "precision": 0.11956521739130435,
    "recall": 0.07006369426751592,
    "f1": 0.08835341365461846
  },
  "1": {
    "model": "1",
    "in_sentence_accuracy": 0.9790575916230366,
    "syntax_accuracy": 0.9625,
    "precision": 0.14619883040935672,
    "recall": 0.1592356687898089,
    "f1": 0.15243902439024387
  },
  "2": {
    "model": "2",
    "in_sentence_accuracy": 0.9690721649484536,
    "syntax_accuracy": 0.9666666666666667,
    "precision": 0.13733905579399142,
    "recall": 0.20382165605095542,
    "f1": 0.1641025641025641
  }
}
