{
  "0": {
    "model": "0",
    "in_sentence_accuracy": 0.964769647696477,
    "syntax_accuracy": 0.9933333333333333,
    "precision": 0.4188034188034188,
    "recall": 0.10888888888888888,
    "f1": 0.1728395061728395
  },
  "1": {
    "model": "1",
    "in_sentence_accuracy": 0.9594882729211087,
    "syntax_accuracy": 0.9566666666666667,
    "precision": 0.38031319910514544,
    "recall": 0.1259259259259259,
    "f1": 0.18920422927100722
  },
  "2": {
    "model": "2",
    "in_sentence_accuracy": 0.9521829521829522,
    "syntax_accuracy": 0.93,
    "precision": 0.4026258205689278,
    "recall": 0.1362962962962963,
    "f1": 0.20365246264526843
  },
  "3": {
    "model": "3",
    "in_sentence_accuracy": 0.9306759098786829,
    "syntax_accuracy": 0.9033333333333333,
    "precision": 0.3981308411214953,
    "recall": 0.15777777777777777,
    "f1": 0.22599469496021216
  },
  "4": {
    "model": "4",
    "in_sentence_accuracy": 0.9416809605488851,
    "syntax_accuracy": 0.91,
    "precision": 0.3871559633027523,
    "recall": 0.1562962962962963,
    "f1": 0.22269129287598943
  },
  "5": {
    "model": "5",
    "in_sentence_accuracy": 0.9463667820069204,
    "syntax_accuracy": 0.8933333333333333,
    "precision": 0.3812154696132597,
    "recall": 0.15333333333333332,
    "f1": 0.21870047543581617
  },
  "6": {
    "model": "6",
    "in_sentence_accuracy": 0.9089376053962901,
    "syntax_accuracy": 0.8633333333333333,
    "precision": 0.3996282527881041,
    "recall": 0.15925925925925927,
    "f1": 0.22775423728813562
  },
  "7": {
    "model": "7",
    "in_sentence_accuracy": 0.9371165644171779,
    "syntax_accuracy": 0.85,
    "precision": 0.3778877887788779,
    "recall": 0.16962962962962963,
    "f1": 0.23415132924335377
  },
  "8": {
    "model": "8",
    "in_sentence_accuracy": 0.9311377245508982,
    "syntax_accuracy": 0.8333333333333334,
    "precision": 0.36245954692556637,
    "recall": 0.16592592592592592,
    "f1": 0.22764227642276422
  },
  "9": {
    "model": "9",
    "in_sentence_accuracy": 0.9357366771159875,
    "syntax_accuracy": 0.86,
    "precision": 0.40336134453781514,
    "recall": 0.17777777777777778,
    "f1": 0.24678663239074553
  },
  "10": {
    "model": "10",
    "in_sentence_accuracy": 0.9313432835820895,
    "syntax_accuracy": 0.8433333333333334,
    "precision": 0.38225806451612904,
    "recall": 0.17555555555555555,
    "f1": 0.24060913705583759
  },
  "11": {
    "model": "11",
    "in_sentence_accuracy": 0.9426470588235294,
    "syntax_accuracy": 0.8433333333333334,
    "precision": 0.35962145110410093,
    "recall": 0.1688888888888889,
    "f1": 0.22983870967741937
  },
  "12": {
    "model": "12",
    "in_sentence_accuracy": 0.9142441860465116,
    "syntax_accuracy": 0.83,
    "precision": 0.3685897435897436,
    "recall": 0.17037037037037037,
    "f1": 0.23302938196555217
  },
  "13": {
    "model": "13",
    "in_sentence_accuracy": 0.9204712812960235,
    "syntax_accuracy": 0.8266666666666667,
    "precision": 0.39903846153846156,
    "recall": 0.18444444444444444,
    "f1": 0.25227963525835867
  },
  "14": {
    "model": "14",
    "in_sentence_accuracy": 0.9292168674698795,
    "syntax_accuracy": 0.8233333333333334,
    "precision": 0.3888888888888889,
    "recall": 0.17629629629629628,
    "f1": 0.2426095820591233
  }
}
