{"0": {"model": "4", "in_sentence_accuracy": 0.9283707865168539, "syntax_accuracy": 0.8066666666666666}, "1": {"model": "4", "in_sentence_accuracy": 0.9254046446164673, "syntax_accuracy": 0.81}, "2": {"model": "4", "in_sentence_accuracy": 0.9176470588235294, "syntax_accuracy": 0.8155555555555556}, "3": {"model": "4", "in_sentence_accuracy": 0.9176470588235294, "syntax_accuracy": 0.8155555555555556}}