{"0": {"model": "39", "in_sentence_accuracy": 0.9172229639519359, "syntax_accuracy": 0.7966666666666666}, "1": {"model": "39", "in_sentence_accuracy": 0.9076923076923077, "syntax_accuracy": 0.7883333333333333}, "2": {"model": "39", "in_sentence_accuracy": 0.8974014336917563, "syntax_accuracy": 0.7911111111111111}, "3": {"model": "39", "in_sentence_accuracy": 0.8974014336917563, "syntax_accuracy": 0.7911111111111111}}