{"0": {"model": "1", "in_sentence_accuracy": 0.9159663865546218, "syntax_accuracy": 0.79}, "1": {"model": "1", "in_sentence_accuracy": 0.9159663865546218, "syntax_accuracy": 0.79}, "2": {"model": "1", "in_sentence_accuracy": 0.9159663865546218, "syntax_accuracy": 0.79}, "3": {"model": "1", "in_sentence_accuracy": 0.9159663865546218, "syntax_accuracy": 0.79}}