{"0": {"model": "39", "in_sentence_accuracy": 0.0891089108910891, "syntax_accuracy": 1.0}, "1": {"model": "39", "in_sentence_accuracy": 0.09644670050761421, "syntax_accuracy": 1.0}, "2": {"model": "39", "in_sentence_accuracy": 0.0967741935483871, "syntax_accuracy": 1.0}, "3": {"model": "39", "in_sentence_accuracy": 0.0967741935483871, "syntax_accuracy": 1.0}}